player,history,action,ev_chips,ev_bb,standard_error,samples,strategy_probability,source,ci95_low,ci95_high
0,,check,44.44444444444444,,0.0,972,,exact,44.44444444444444,44.44444444444444
0,,bet,16.734654225976524,,0.0,972,,exact,16.734654225976524,16.734654225976524
0,,check,43.72,,0.49606528610335926,10000,,sampling,42.74771203923741,44.692287960762584
0,,bet,15.648363870344816,,0.7439361530277991,10000,,sampling,14.19024901041033,17.106478730279303
1,bet,fold,0.0,,0.0,972,,exact,0.0,0.0
1,bet,call,19.119429616994005,,0.0,972,,exact,19.119429616994005,19.119429616994005
1,bet,fold,0.0,,0.0,10000,,sampling,0.0,0.0
1,bet,call,19.799202633998185,,0.9815679057713266,10000,,sampling,17.875329538686383,21.723075729309986
2,bet/fold,fold,0.0,,0.0,972,,exact,0.0,0.0
2,bet/fold,call,16.666666666666664,,0.0,972,,exact,16.666666666666664,16.666666666666664
2,bet/fold,fold,0.0,,0.0,10000,,sampling,0.0,0.0
2,bet/fold,call,17.500000000000004,,0.9457613052164084,10000,,sampling,15.646307841775844,19.353692158224163
2,bet/call,fold,0.0,,0.0,972,,exact,0.0,0.0
2,bet/call,call,-49.916708312510345,,0.0,972,,exact,-49.916708312510345,-49.916708312510345
2,bet/call,fold,0.0,,0.0,10000,,sampling,0.0,0.0
2,bet/call,call,-49.95,,0.03535357107137481,10000,,sampling,-50.0192929992999,-49.880707000700106
