iteration,p0_regret_bound,p1_regret_bound,p2_regret_bound,max_regret_bound
50,0.6995884773662553,0.4583333333333336,0.38630102411078704,0.6995884773662553
100,0.34979423868312765,0.2291666666666668,0.19315051205539352,0.34979423868312765
150,0.2331961591220851,0.15277777777777785,0.128767008036929,0.2331961591220851
200,0.17489711934156382,0.1145833333333334,0.09657525602769676,0.17489711934156382
250,0.13991769547325106,0.09166666666666672,0.07726020482215741,0.13991769547325106
300,0.11659807956104255,0.07638888888888892,0.0643835040184645,0.11659807956104255
350,0.09994121105232219,0.06547619047619051,0.05518586058725529,0.09994121105232219
400,0.08744855967078191,0.0572916666666667,0.04828762801384838,0.08744855967078191
450,0.07773205304069503,0.05092592592592595,0.04292233601230967,0.07773205304069503
500,0.06995884773662553,0.04583333333333336,0.038630102411078705,0.06995884773662553
550,0.06359895248784139,0.041666666666666685,0.03511827491916246,0.06359895248784139
600,0.058299039780521276,0.03819444444444446,0.03219175200923225,0.058299039780521276
650,0.05381449825894272,0.03525641025641028,0.029715463393137465,0.05381449825894272
700,0.049970605526161095,0.032738095238095254,0.027592930293627645,0.049970605526161095
750,0.04663923182441702,0.030555555555555572,0.0257534016073858,0.04663923182441702
800,0.043724279835390956,0.02864583333333335,0.02414381400692419,0.043724279835390956
850,0.041152263374485604,0.026960784313725505,0.022723589653575706,0.041152263374485604
900,0.03886602652034751,0.025462962962962975,0.021461168006154836,0.03886602652034751
950,0.03682044617717133,0.024122807017543872,0.020331632847936158,0.03682044617717133
1000,0.034979423868312765,0.02291666666666668,0.019315051205539353,0.034979423868312765
