player,hand,history,action,probability
0,Qs Qc,,check,0.9975657407407413
0,Qs Qc,,bet,0.0024342592592587653
0,Qs Qh,,check,0.9975657407407413
0,Qs Qh,,bet,0.0024342592592587653
0,Qs Qd,,check,0.9975657407407413
0,Qs Qd,,bet,0.0024342592592587653
0,Qc Qh,,check,0.9975657407407413
0,Qc Qh,,bet,0.0024342592592587653
0,Qc Qd,,check,0.9975657407407413
0,Qc Qd,,bet,0.0024342592592587653
0,Qh Qd,,check,0.9975657407407413
0,Qh Qd,,bet,0.0024342592592587653
0,As Ac,,check,0.9975657407407413
0,As Ac,,bet,0.0024342592592587653
0,As Ah,,check,0.9975657407407413
0,As Ah,,bet,0.0024342592592587653
0,As Ad,,check,0.9975657407407413
0,As Ad,,bet,0.0024342592592587653
0,Ac Ah,,check,0.9975657407407413
0,Ac Ah,,bet,0.0024342592592587653
0,Ac Ad,,check,0.9975657407407413
0,Ac Ad,,bet,0.0024342592592587653
0,Ah Ad,,check,0.9975657407407413
0,Ah Ad,,bet,0.0024342592592587653
1,Js Jc,bet,fold,0.9994999999999996
1,Js Jc,bet,call,0.0005000000000004033
1,Js Jh,bet,fold,0.9994999999999996
1,Js Jh,bet,call,0.0005000000000004033
1,Js Jd,bet,fold,0.9994999999999996
1,Js Jd,bet,call,0.0005000000000004033
1,Jc Jh,bet,fold,0.9994999999999996
1,Jc Jh,bet,call,0.0005000000000004033
1,Jc Jd,bet,fold,0.9994999999999996
1,Jc Jd,bet,call,0.0005000000000004033
1,Jh Jd,bet,fold,0.9994999999999996
1,Jh Jd,bet,call,0.0005000000000004033
1,Kc Kh,bet,fold,0.0005000000000004033
1,Kc Kh,bet,call,0.9994999999999996
1,Kc Kd,bet,fold,0.0005000000000004033
1,Kc Kd,bet,call,0.9994999999999996
1,Kh Kd,bet,fold,0.0005000000000004033
1,Kh Kd,bet,call,0.9994999999999996
2,8s 8c,bet/call,fold,0.5595026689410811
2,8s 8c,bet/call,call,0.4404973310589188
2,8s 8c,bet/fold,fold,0.0005000000000004033
2,8s 8c,bet/fold,call,0.9994999999999996
2,8s 8d,bet/call,fold,0.5595026689410811
2,8s 8d,bet/call,call,0.4404973310589188
2,8s 8d,bet/fold,fold,0.0005000000000004033
2,8s 8d,bet/fold,call,0.9994999999999996
2,8c 8d,bet/call,fold,0.5595026689410811
2,8c 8d,bet/call,call,0.4404973310589188
2,8c 8d,bet/fold,fold,0.0005000000000004033
2,8c 8d,bet/fold,call,0.9994999999999996
2,Ts Tc,bet/call,fold,0.9994999999999996
2,Ts Tc,bet/call,call,0.0005000000000004033
2,Ts Tc,bet/fold,fold,0.9994999999999996
2,Ts Tc,bet/fold,call,0.0005000000000004033
2,Ts Th,bet/call,fold,0.9994999999999996
2,Ts Th,bet/call,call,0.0005000000000004033
2,Ts Th,bet/fold,fold,0.9994999999999996
2,Ts Th,bet/fold,call,0.0005000000000004033
2,Ts Td,bet/call,fold,0.9994999999999996
2,Ts Td,bet/call,call,0.0005000000000004033
2,Ts Td,bet/fold,fold,0.9994999999999996
2,Ts Td,bet/fold,call,0.0005000000000004033
2,Tc Th,bet/call,fold,0.9994999999999996
2,Tc Th,bet/call,call,0.0005000000000004033
2,Tc Th,bet/fold,fold,0.9994999999999996
2,Tc Th,bet/fold,call,0.0005000000000004033
2,Tc Td,bet/call,fold,0.9994999999999996
2,Tc Td,bet/call,call,0.0005000000000004033
2,Tc Td,bet/fold,fold,0.9994999999999996
2,Tc Td,bet/fold,call,0.0005000000000004033
2,Th Td,bet/call,fold,0.9994999999999996
2,Th Td,bet/call,call,0.0005000000000004033
2,Th Td,bet/fold,fold,0.9994999999999996
2,Th Td,bet/fold,call,0.0005000000000004033
